date,product_name,category,quantity,price,stock,temperature,trend_score,day_of_week
2023-01-01,Bed Frame,Furniture,1,450,18,8.9,31.1,6
2023-01-01,Green Tea 50pk,Food,26,8,590,3.7,67.9,6
2023-01-01,Python Crash Course,Books,5,30,93,22.4,50.8,6
2023-01-02,Bed Frame,Furniture,1,450,28,10.2,61.4,0
2023-01-02,The Lean Startup,Books,6,22,102,35.8,51.5,0
2023-01-03,H&M T-Shirt,Clothing,9,25,317,26.2,76.1,1
2023-01-03,Zara Jacket,Clothing,6,110,108,31.9,38.0,1
2023-01-03,Samsung 4K TV,Electronics,1,799,29,31.9,30.7,1
2023-01-05,The Lean Startup,Books,4,22,136,4.2,45.3,3
2023-01-06,H&M T-Shirt,Clothing,7,25,307,14.1,71.9,4
2023-01-06,Coffee Table,Furniture,1,220,22,20.7,59.5,4
2023-01-07,Olive Oil 1L,Food,23,12,351,9.3,64.1,5
2023-01-07,H&M T-Shirt,Clothing,7,25,297,37.3,41.8,5
2023-01-09,Atomic Habits,Books,3,18,138,30.1,46.5,0
2023-01-10,Levi's Jeans,Clothing,5,60,219,16.7,50.5,1
2023-01-10,IKEA Desk,Furniture,1,250,51,0.9,74.8,1
2023-01-10,H&M T-Shirt,Clothing,6,25,313,13.1,35.6,1
2023-01-10,Hot Wheels 10pk,Toys,3,15,201,1.0,65.6,1
2023-01-10,Nike Air Max,Clothing,7,120,164,13.1,37.4,1
2023-01-12,Bookshelf,Furniture,1,180,17,32.6,37.8,3
2023-01-13,The Lean Startup,Books,4,22,136,32.3,58.9,4
2023-01-13,Almond Milk 1L,Food,17,4,430,16.4,57.4,4
2023-01-14,Puzzle 1000pc,Toys,4,25,95,34.6,66.1,5
2023-01-15,Organic Coffee 1kg,Food,18,18,493,24.8,36.1,6
2023-01-16,Deep Work,Books,5,20,145,25.3,80.6,0
2023-01-17,Protein Bars 12pk,Food,10,25,420,28.9,49.0,1
2023-01-17,Sony Headphones,Electronics,2,349,69,35.0,38.7,1
2023-01-21,Organic Coffee 1kg,Food,23,18,501,6.2,35.8,5
2023-01-24,iPad Pro,Electronics,2,899,30,26.3,66.4,1
2023-01-27,Python Crash Course,Books,3,30,108,37.4,63.9,4
2023-01-28,Bed Frame,Furniture,1,450,31,15.4,83.2,5
2023-01-28,Deep Work,Books,4,20,114,14.8,69.0,5
2023-01-30,Nike Air Max,Clothing,7,120,151,6.8,71.9,0
2023-01-30,Nike Air Max,Clothing,6,120,133,3.3,75.8,0
2023-01-30,Samsung 4K TV,Electronics,1,799,40,23.5,77.3,0
2023-01-31,Clean Code,Books,4,35,104,6.8,84.6,1
2023-01-31,Bookshelf,Furniture,1,180,23,35.8,42.4,1
2023-02-01,Adidas Hoodie,Clothing,6,80,167,3.6,31.1,2
2023-02-01,MacBook Air,Electronics,1,1299,36,27.1,41.8,2
2023-02-01,Olive Oil 1L,Food,15,12,336,31.7,60.6,2
2023-02-02,LEGO Technic Set,Toys,4,89,55,23.4,63.8,3
2023-02-03,The Lean Startup,Books,4,22,115,10.9,54.4,4
2023-02-03,Almond Milk 1L,Food,14,4,435,6.3,77.4,4
2023-02-03,Office Chair,Furniture,1,350,12,9.9,77.3,4
2023-02-05,Bed Frame,Furniture,1,450,30,21.6,43.5,6
2023-02-05,Office Chair,Furniture,1,350,14,19.6,58.4,6
2023-02-08,Atomic Habits,Books,5,18,140,9.5,72.1,2
2023-02-08,iPhone 15 Pro,Electronics,1,999,89,7.8,63.2,2
2023-02-08,MacBook Air,Electronics,1,1299,26,-1.9,39.8,2
2023-02-09,Hot Wheels 10pk,Toys,3,15,209,15.2,41.0,3
2023-02-09,Sony Headphones,Electronics,2,349,72,20.7,49.0,3
2023-02-09,Olive Oil 1L,Food,16,12,347,33.3,48.2,3
2023-02-10,iPad Pro,Electronics,1,899,65,34.9,62.8,4
2023-02-10,Clean Code,Books,5,35,113,8.9,68.7,4
2023-02-10,Adidas Hoodie,Clothing,6,80,191,34.7,46.8,4
2023-02-12,Protein Bars 12pk,Food,24,25,380,17.9,66.4,6
2023-02-13,Coffee Table,Furniture,1,220,38,28.7,56.1,0
2023-02-14,Deep Work,Books,3,20,111,28.7,77.7,1
2023-02-14,Barbie Dreamhouse,Toys,3,120,37,35.3,39.8,1
2023-02-15,LEGO Technic Set,Toys,2,89,61,25.6,31.2,2
2023-02-16,Green Tea 50pk,Food,23,8,584,9.8,33.5,3
2023-02-17,Adidas Hoodie,Clothing,6,80,200,37.3,63.6,4
2023-02-18,Olive Oil 1L,Food,21,12,370,-0.7,39.0,5
2023-02-19,Olive Oil 1L,Food,21,12,354,13.8,53.1,6
2023-02-20,Atomic Habits,Books,3,18,156,-1.5,54.4,0
2023-02-20,Levi's Jeans,Clothing,7,60,199,7.5,51.9,0
2023-02-21,Office Chair,Furniture,1,350,30,4.6,65.4,1
2023-02-22,Levi's Jeans,Clothing,5,60,211,6.5,37.2,2
2023-02-22,Zara Jacket,Clothing,7,110,102,11.2,63.3,2
2023-02-25,iPhone 15 Pro,Electronics,1,999,90,22.7,38.6,5
2023-02-25,Hot Wheels 10pk,Toys,4,15,215,27.3,84.5,5
2023-02-25,H&M T-Shirt,Clothing,7,25,316,17.5,47.6,5
2023-02-27,Adidas Hoodie,Clothing,5,80,185,30.3,74.3,0
2023-02-27,Adidas Hoodie,Clothing,4,80,199,20.9,31.1,0
2023-02-27,Nike Air Max,Clothing,6,120,155,6.1,39.9,0
2023-03-01,Adidas Hoodie,Clothing,6,80,179,-1.3,53.9,2
2023-03-02,Adidas Hoodie,Clothing,6,80,177,-2.1,31.7,3
2023-03-02,Nike Air Max,Clothing,8,120,146,11.3,84.2,3
2023-03-02,iPhone 15 Pro,Electronics,1,999,93,1.4,68.8,3
2023-03-03,H&M T-Shirt,Clothing,8,25,280,3.6,68.3,4
2023-03-04,IKEA Desk,Furniture,1,250,26,31.4,53.4,5
2023-03-05,The Lean Startup,Books,5,22,120,0.9,41.4,6
2023-03-05,Green Tea 50pk,Food,19,8,605,23.5,37.2,6
2023-03-09,Organic Coffee 1kg,Food,20,18,518,-0.9,67.3,3
2023-03-09,H&M T-Shirt,Clothing,7,25,316,25.5,52.2,3
2023-03-10,Olive Oil 1L,Food,22,12,353,23.4,66.5,4
2023-03-11,IKEA Desk,Furniture,1,250,37,14.0,46.7,5
2023-03-11,Python Crash Course,Books,5,30,87,13.4,60.3,5
2023-03-12,Python Crash Course,Books,5,30,100,17.9,36.9,6
2023-03-12,Bed Frame,Furniture,1,450,31,-2.1,77.4,6
2023-03-12,Nike Air Max,Clothing,8,120,159,0.9,36.1,6
2023-03-13,Zara Jacket,Clothing,6,110,117,28.2,77.0,0
2023-03-14,Office Chair,Furniture,1,350,29,33.2,30.7,1
2023-03-14,IKEA Desk,Furniture,1,250,44,33.2,57.5,1
2023-03-14,Barbie Dreamhouse,Toys,4,120,39,8.1,82.0,1
2023-03-16,The Lean Startup,Books,4,22,138,-2.4,54.2,3
2023-03-16,Levi's Jeans,Clothing,6,60,193,29.6,62.3,3
2023-03-16,iPhone 15 Pro,Electronics,1,999,85,20.3,30.8,3
2023-03-17,Olive Oil 1L,Food,18,12,347,16.7,72.0,4
2023-03-18,Atomic Habits,Books,5,18,131,22.4,50.0,5
2023-03-18,Deep Work,Books,5,20,128,26.1,79.8,5
2023-03-19,iPad Pro,Electronics,1,899,50,27.4,42.4,6
2023-03-19,Bookshelf,Furniture,1,180,37,35.1,56.2,6
2023-03-20,H&M T-Shirt,Clothing,8,25,314,2.0,43.2,0
2023-03-20,Deep Work,Books,5,20,142,-1.8,31.0,0
2023-03-21,Hot Wheels 10pk,Toys,3,15,205,8.5,53.6,1
2023-03-23,Nike Air Max,Clothing,6,120,148,9.8,47.2,3
2023-03-23,Green Tea 50pk,Food,20,8,619,21.9,58.4,3
2023-03-23,Bed Frame,Furniture,1,450,30,20.8,43.5,3
2023-03-25,IKEA Desk,Furniture,1,250,45,31.3,47.0,5
2023-03-27,H&M T-Shirt,Clothing,7,25,280,20.7,59.9,0
2023-03-28,Nerf Blaster,Toys,5,35,99,-2.7,38.7,1
2023-03-28,Office Chair,Furniture,1,350,33,22.8,32.2,1
2023-03-29,Adidas Hoodie,Clothing,10,80,198,0.1,72.0,2
2023-03-29,Sony Headphones,Electronics,2,349,62,28.1,66.2,2
2023-03-29,Atomic Habits,Books,5,18,167,9.8,59.8,2
2023-03-30,Zara Jacket,Clothing,5,110,133,28.5,49.4,3
2023-03-31,Coffee Table,Furniture,1,220,13,13.1,31.6,4
2023-03-31,Olive Oil 1L,Food,20,12,330,18.9,60.4,4
2023-03-31,Deep Work,Books,5,20,149,11.4,82.8,4
2023-04-01,Organic Coffee 1kg,Food,20,18,505,5.9,36.4,5
2023-04-02,Protein Bars 12pk,Food,24,25,380,18.8,62.8,6
2023-04-04,Adidas Hoodie,Clothing,6,80,196,36.4,76.0,1
2023-04-04,Atomic Habits,Books,5,18,151,4.1,65.2,1
2023-04-04,Sony Headphones,Electronics,2,349,45,25.4,64.9,1
2023-04-05,Olive Oil 1L,Food,28,12,368,-0.8,76.6,2
2023-04-05,Clean Code,Books,6,35,120,13.2,45.2,2
2023-04-06,Puzzle 1000pc,Toys,3,25,115,27.4,43.0,3
2023-04-06,Python Crash Course,Books,4,30,94,7.9,50.3,3
2023-04-07,Samsung 4K TV,Electronics,1,799,35,14.8,38.6,4
2023-04-08,Green Tea 50pk,Food,25,8,602,23.5,43.7,5
2023-04-09,Almond Milk 1L,Food,24,4,453,27.0,44.3,6
2023-04-11,Samsung 4K TV,Electronics,2,799,20,23.0,59.7,1
2023-04-11,Green Tea 50pk,Food,26,8,594,0.8,56.2,1
2023-04-12,Python Crash Course,Books,4,30,81,3.9,41.6,2
2023-04-12,Barbie Dreamhouse,Toys,3,120,34,25.7,48.4,2
2023-04-12,Samsung 4K TV,Electronics,1,799,51,19.6,76.0,2
2023-04-13,MacBook Air,Electronics,1,1299,18,18.1,57.8,3
2023-04-13,Office Chair,Furniture,1,350,14,34.1,30.8,3
2023-04-13,H&M T-Shirt,Clothing,7,25,319,21.6,79.5,3
2023-04-15,LEGO Technic Set,Toys,3,89,60,32.5,40.3,5
2023-04-16,Hot Wheels 10pk,Toys,4,15,183,-4.5,45.6,6
2023-04-16,Olive Oil 1L,Food,25,12,368,12.7,60.6,6
2023-04-17,Python Crash Course,Books,5,30,91,20.0,71.6,0
2023-04-17,Levi's Jeans,Clothing,6,60,189,17.8,43.1,0
2023-04-17,Green Tea 50pk,Food,16,8,619,34.2,56.5,0
2023-04-17,Levi's Jeans,Clothing,7,60,207,18.1,68.7,0
2023-04-17,Nike Air Max,Clothing,5,120,164,29.1,60.2,0
2023-04-18,H&M T-Shirt,Clothing,10,25,289,12.9,82.9,1
2023-04-19,Adidas Hoodie,Clothing,9,80,181,13.7,52.0,2
2023-04-20,Puzzle 1000pc,Toys,4,25,112,-0.9,38.2,3
2023-04-20,iPhone 15 Pro,Electronics,1,999,70,11.4,32.9,3
2023-04-20,iPad Pro,Electronics,1,899,47,16.0,47.4,3
2023-04-21,Coffee Table,Furniture,1,220,24,-3.9,47.2,4
2023-04-21,Green Tea 50pk,Food,18,8,603,0.8,44.5,4
2023-04-21,iPhone 15 Pro,Electronics,1,999,92,7.6,78.6,4
2023-04-24,H&M T-Shirt,Clothing,6,25,294,24.2,62.6,0
2023-04-26,Nike Air Max,Clothing,7,120,156,28.5,81.6,2
2023-04-27,Office Chair,Furniture,1,350,14,16.9,79.8,3
2023-04-28,Python Crash Course,Books,5,30,97,7.0,42.4,4
2023-04-29,Nerf Blaster,Toys,3,35,76,36.7,39.8,5
2023-04-29,Olive Oil 1L,Food,18,12,332,33.7,40.5,5
2023-05-01,Deep Work,Books,5,20,123,38.0,56.3,0
2023-05-01,Python Crash Course,Books,4,30,86,33.7,48.4,0
2023-05-01,H&M T-Shirt,Clothing,8,25,292,-0.1,35.8,0
2023-05-03,Olive Oil 1L,Food,24,12,346,-3.3,45.4,2
2023-05-03,Puzzle 1000pc,Toys,4,25,121,-1.6,82.6,2
2023-05-04,Hot Wheels 10pk,Toys,3,15,184,13.2,37.3,3
2023-05-04,Python Crash Course,Books,4,30,80,14.3,82.2,3
2023-05-05,iPhone 15 Pro,Electronics,2,999,75,36.8,63.5,4
2023-05-06,Samsung 4K TV,Electronics,2,799,56,35.5,32.8,5
2023-05-09,The Lean Startup,Books,4,22,113,13.9,30.5,1
2023-05-10,Deep Work,Books,5,20,133,13.1,36.3,2
2023-05-10,Zara Jacket,Clothing,8,110,120,21.8,62.2,2
2023-05-10,MacBook Air,Electronics,1,1299,12,5.1,65.5,2
2023-05-11,Coffee Table,Furniture,1,220,9,20.5,37.4,3
2023-05-12,Nerf Blaster,Toys,3,35,68,30.6,60.3,4
2023-05-12,Samsung 4K TV,Electronics,1,799,54,17.6,53.3,4
2023-05-13,Olive Oil 1L,Food,23,12,365,17.9,42.7,5
2023-05-13,Bed Frame,Furniture,1,450,20,33.0,33.6,5
2023-05-14,Bookshelf,Furniture,1,180,50,-2.4,82.6,6
2023-05-14,Levi's Jeans,Clothing,8,60,217,30.4,50.5,6
2023-05-14,Nike Air Max,Clothing,7,120,139,20.1,44.0,6
2023-05-16,The Lean Startup,Books,4,22,110,26.2,84.0,1
2023-05-17,Clean Code,Books,5,35,88,32.0,36.5,2
2023-05-17,Clean Code,Books,3,35,116,30.3,34.1,2
2023-05-18,Atomic Habits,Books,4,18,149,26.5,78.3,3
2023-05-18,Almond Milk 1L,Food,16,4,453,16.5,35.0,3
2023-05-18,Zara Jacket,Clothing,6,110,131,33.6,56.7,3
2023-05-18,Office Chair,Furniture,1,350,29,31.4,55.8,3
2023-05-19,Hot Wheels 10pk,Toys,3,15,200,14.9,32.8,4
2023-05-19,Hot Wheels 10pk,Toys,3,15,200,-1.8,39.5,4
2023-05-19,Python Crash Course,Books,5,30,87,28.8,80.5,4
2023-05-19,Green Tea 50pk,Food,25,8,589,37.8,83.7,4
2023-05-20,H&M T-Shirt,Clothing,11,25,305,8.8,82.1,5
2023-05-21,Python Crash Course,Books,7,30,81,6.0,48.0,6
2023-05-21,Samsung 4K TV,Electronics,2,799,50,7.3,75.6,6
2023-05-21,Olive Oil 1L,Food,27,12,338,28.3,71.4,6
2023-05-22,iPad Pro,Electronics,1,899,51,4.9,68.2,0
2023-05-23,Adidas Hoodie,Clothing,7,80,197,27.0,59.6,1
2023-05-23,Almond Milk 1L,Food,19,4,441,2.1,34.2,1
2023-05-24,IKEA Desk,Furniture,1,250,37,8.9,43.6,2
2023-05-24,Adidas Hoodie,Clothing,6,80,198,6.9,34.6,2
2023-05-24,Sony Headphones,Electronics,3,349,54,-4.5,75.7,2
2023-05-27,Hot Wheels 10pk,Toys,4,15,182,21.1,73.0,5
2023-05-28,Organic Coffee 1kg,Food,23,18,502,32.0,47.6,6
2023-05-29,Olive Oil 1L,Food,22,12,338,3.2,63.0,0
2023-05-29,IKEA Desk,Furniture,1,250,25,34.8,53.9,0
2023-05-30,H&M T-Shirt,Clothing,12,25,296,-3.2,82.5,1
2023-06-03,Organic Coffee 1kg,Food,34,18,502,-1.5,66.5,5
2023-06-03,Organic Coffee 1kg,Food,29,18,505,16.6,42.1,5
2023-06-06,Python Crash Course,Books,5,30,99,27.6,34.1,1
2023-06-07,Deep Work,Books,5,20,115,11.8,49.8,2
2023-06-07,Samsung 4K TV,Electronics,2,799,38,10.5,53.5,2
2023-06-08,Levi's Jeans,Clothing,9,60,217,7.8,83.3,3
2023-06-08,Nerf Blaster,Toys,3,35,77,12.8,35.4,3
2023-06-08,Protein Bars 12pk,Food,15,25,401,28.1,43.7,3
2023-06-11,Almond Milk 1L,Food,29,4,441,-4.9,69.7,6
2023-06-11,Samsung 4K TV,Electronics,1,799,31,36.3,34.4,6
2023-06-11,Protein Bars 12pk,Food,25,25,394,20.9,74.9,6
2023-06-13,The Lean Startup,Books,5,22,106,13.2,45.3,1
2023-06-13,Green Tea 50pk,Food,17,8,601,18.4,52.2,1
2023-06-14,Zara Jacket,Clothing,8,110,114,14.3,58.2,2
2023-06-14,Nike Air Max,Clothing,9,120,166,4.5,75.9,2
2023-06-14,Olive Oil 1L,Food,18,12,335,36.5,30.3,2
2023-06-15,Clean Code,Books,4,35,82,30.8,31.2,3
2023-06-18,Almond Milk 1L,Food,24,4,464,15.0,52.4,6
2023-06-18,IKEA Desk,Furniture,1,250,59,1.0,69.4,6
2023-06-19,Barbie Dreamhouse,Toys,3,120,50,15.1,37.0,0
2023-06-19,Bed Frame,Furniture,1,450,17,1.0,41.4,0
2023-06-20,Clean Code,Books,4,35,101,21.3,61.0,1
2023-06-20,Protein Bars 12pk,Food,24,25,397,0.5,73.0,1
2023-06-21,Bed Frame,Furniture,1,450,14,21.1,71.1,2
2023-06-21,MacBook Air,Electronics,1,1299,28,30.4,46.4,2
2023-06-21,Clean Code,Books,4,35,84,29.7,48.6,2
2023-06-22,Coffee Table,Furniture,1,220,39,27.9,56.9,3
2023-06-24,Nerf Blaster,Toys,4,35,65,11.1,70.3,5
2023-06-24,Adidas Hoodie,Clothing,10,80,171,30.7,63.0,5
2023-06-26,Zara Jacket,Clothing,8,110,125,12.3,64.0,0
2023-06-29,Levi's Jeans,Clothing,10,60,203,0.7,59.7,3
2023-06-29,Green Tea 50pk,Food,29,8,605,32.9,39.7,3
2023-06-30,Adidas Hoodie,Clothing,10,80,182,20.5,74.3,4
2023-07-01,The Lean Startup,Books,7,22,138,19.9,70.2,5
2023-07-01,Coffee Table,Furniture,1,220,40,20.7,64.7,5
2023-07-03,H&M T-Shirt,Clothing,9,25,315,-4.4,59.4,0
2023-07-03,Puzzle 1000pc,Toys,4,25,116,36.3,31.9,0
2023-07-05,Barbie Dreamhouse,Toys,4,120,35,24.8,64.4,2
2023-07-06,Bed Frame,Furniture,1,450,34,8.7,74.5,3
2023-07-07,Zara Jacket,Clothing,11,110,135,14.9,78.1,4
2023-07-07,Atomic Habits,Books,5,18,149,33.7,66.0,4
2023-07-07,Sony Headphones,Electronics,3,349,57,12.2,82.9,4
2023-07-08,Organic Coffee 1kg,Food,26,18,481,31.1,38.0,5
2023-07-10,iPhone 15 Pro,Electronics,2,999,96,26.7,73.5,0
2023-07-11,Organic Coffee 1kg,Food,21,18,502,31.2,64.1,1
2023-07-12,iPad Pro,Electronics,2,899,28,17.2,43.2,2
2023-07-14,Green Tea 50pk,Food,24,8,614,25.0,69.7,4
2023-07-14,Coffee Table,Furniture,1,220,29,3.0,49.1,4
2023-07-16,Levi's Jeans,Clothing,8,60,218,26.8,45.2,6
2023-07-16,Nerf Blaster,Toys,5,35,75,31.2,74.9,6
2023-07-18,Protein Bars 12pk,Food,17,25,404,24.2,61.4,1
2023-07-20,Levi's Jeans,Clothing,9,60,193,0.2,76.9,3
2023-07-20,iPad Pro,Electronics,1,899,55,29.4,70.6,3
2023-07-20,Bookshelf,Furniture,1,180,30,21.5,70.5,3
2023-07-21,Almond Milk 1L,Food,18,4,450,-0.1,66.9,4
2023-07-22,Nerf Blaster,Toys,6,35,81,22.8,74.5,5
2023-07-23,Coffee Table,Furniture,1,220,11,19.8,65.7,6
2023-07-23,Almond Milk 1L,Food,24,4,454,26.6,35.2,6
2023-07-24,Coffee Table,Furniture,1,220,35,37.9,39.9,0
2023-07-24,Clean Code,Books,4,35,81,33.0,58.9,0
2023-07-24,Atomic Habits,Books,6,18,133,11.1,71.7,0
2023-07-25,H&M T-Shirt,Clothing,7,25,317,19.2,46.7,1
2023-07-26,Samsung 4K TV,Electronics,1,799,40,29.0,78.7,2
2023-07-26,LEGO Technic Set,Toys,5,89,60,0.6,69.4,2
2023-07-28,Protein Bars 12pk,Food,25,25,381,8.5,32.5,4
2023-07-28,Python Crash Course,Books,4,30,105,18.3,49.7,4
2023-07-29,MacBook Air,Electronics,1,1299,38,2.6,82.5,5
2023-07-30,Office Chair,Furniture,1,350,20,21.1,40.4,6
2023-07-31,MacBook Air,Electronics,1,1299,48,-0.7,31.8,0
2023-07-31,Adidas Hoodie,Clothing,8,80,166,3.7,43.7,0
2023-08-01,Coffee Table,Furniture,1,220,38,4.3,77.8,1
2023-08-04,Nike Air Max,Clothing,7,120,160,12.1,35.3,4
2023-08-05,LEGO Technic Set,Toys,5,89,52,3.3,32.3,5
2023-08-05,Green Tea 50pk,Food,26,8,589,33.9,76.8,5
2023-08-06,iPad Pro,Electronics,2,899,48,23.2,42.3,6
2023-08-08,Puzzle 1000pc,Toys,4,25,99,3.0,45.4,1
2023-08-08,Office Chair,Furniture,1,350,8,12.2,48.6,1
2023-08-09,Barbie Dreamhouse,Toys,4,120,43,1.4,81.7,2
2023-08-09,Barbie Dreamhouse,Toys,3,120,50,31.8,38.2,2
2023-08-10,Almond Milk 1L,Food,15,4,460,21.1,55.9,3
2023-08-11,Python Crash Course,Books,5,30,102,32.1,33.1,4
2023-08-11,Levi's Jeans,Clothing,6,60,202,4.0,69.3,4
2023-08-12,Nerf Blaster,Toys,4,35,72,19.7,40.1,5
2023-08-13,iPhone 15 Pro,Electronics,2,999,63,33.5,72.8,6
2023-08-13,Coffee Table,Furniture,1,220,11,31.4,73.9,6
2023-08-14,Almond Milk 1L,Food,18,4,430,20.3,74.5,0
2023-08-15,Organic Coffee 1kg,Food,22,18,520,28.5,34.2,1
2023-08-15,Green Tea 50pk,Food,27,8,591,7.9,33.4,1
2023-08-15,Clean Code,Books,6,35,95,19.3,81.5,1
2023-08-17,Barbie Dreamhouse,Toys,4,120,44,-4.9,31.3,3
2023-08-17,LEGO Technic Set,Toys,2,89,58,17.2,32.5,3
2023-08-18,Clean Code,Books,5,35,82,-2.0,82.7,4
2023-08-18,Organic Coffee 1kg,Food,22,18,516,5.7,80.4,4
2023-08-18,Deep Work,Books,5,20,142,22.8,51.4,4
2023-08-19,Bookshelf,Furniture,1,180,51,7.4,72.9,5
2023-08-20,Clean Code,Books,6,35,101,5.0,35.5,6
2023-08-20,The Lean Startup,Books,6,22,119,32.7,47.2,6
2023-08-20,Bed Frame,Furniture,1,450,20,36.4,55.0,6
2023-08-21,Deep Work,Books,6,20,116,-1.1,83.8,0
2023-08-21,Bookshelf,Furniture,1,180,45,-2.4,51.3,0
2023-08-21,LEGO Technic Set,Toys,5,89,66,-1.1,46.9,0
2023-08-21,Deep Work,Books,6,20,134,23.1,63.1,0
2023-08-22,Deep Work,Books,4,20,143,-2.8,56.4,1
2023-08-23,Olive Oil 1L,Food,28,12,349,-1.2,74.3,2
2023-08-23,LEGO Technic Set,Toys,3,89,76,15.7,72.3,2
2023-08-24,Almond Milk 1L,Food,27,4,436,28.7,82.2,3
2023-08-26,LEGO Technic Set,Toys,4,89,41,12.4,40.1,5
2023-08-26,Adidas Hoodie,Clothing,8,80,190,24.6,49.8,5
2023-08-27,Office Chair,Furniture,1,350,31,20.9,60.9,6
2023-08-27,Hot Wheels 10pk,Toys,6,15,220,-0.7,45.3,6
2023-08-27,Zara Jacket,Clothing,11,110,125,29.9,35.1,6
2023-08-28,MacBook Air,Electronics,1,1299,16,35.6,37.5,0
2023-08-29,Zara Jacket,Clothing,10,110,105,9.4,79.1,1
2023-08-29,MacBook Air,Electronics,1,1299,38,14.7,74.1,1
2023-08-30,Sony Headphones,Electronics,3,349,78,1.3,40.8,2
2023-08-31,LEGO Technic Set,Toys,3,89,75,16.2,49.8,3
2023-08-31,H&M T-Shirt,Clothing,10,25,313,32.7,84.2,3
2023-09-01,Coffee Table,Furniture,1,220,3,8.9,39.6,4
2023-09-01,H&M T-Shirt,Clothing,7,25,320,0.2,43.1,4
2023-09-02,Zara Jacket,Clothing,11,110,119,12.0,66.9,5
2023-09-04,Coffee Table,Furniture,1,220,35,18.5,50.6,0
2023-09-05,Protein Bars 12pk,Food,23,25,415,16.0,54.5,1
2023-09-06,Coffee Table,Furniture,1,220,17,17.4,67.7,2
2023-09-06,Organic Coffee 1kg,Food,21,18,516,11.2,74.9,2
2023-09-06,MacBook Air,Electronics,1,1299,17,6.4,53.7,2
2023-09-06,Bed Frame,Furniture,1,450,13,34.8,77.8,2
2023-09-07,iPad Pro,Electronics,1,899,31,23.2,30.3,3
2023-09-07,iPad Pro,Electronics,1,899,60,28.8,41.3,3
2023-09-07,Samsung 4K TV,Electronics,2,799,44,24.3,47.7,3
2023-09-08,LEGO Technic Set,Toys,5,89,69,29.7,52.3,4
2023-09-09,iPad Pro,Electronics,2,899,25,-4.7,52.6,5
2023-09-09,Office Chair,Furniture,1,350,45,18.1,84.1,5
2023-09-10,Coffee Table,Furniture,1,220,26,20.6,64.1,6
2023-09-11,Atomic Habits,Books,5,18,135,27.5,78.0,0
2023-09-12,Levi's Jeans,Clothing,9,60,207,3.2,54.7,1
2023-09-13,Sony Headphones,Electronics,3,349,73,-3.9,40.2,2
2023-09-13,Samsung 4K TV,Electronics,1,799,49,14.6,80.5,2
2023-09-16,Barbie Dreamhouse,Toys,2,120,47,-1.5,31.1,5
2023-09-16,Hot Wheels 10pk,Toys,5,15,205,15.5,75.2,5
2023-09-16,Atomic Habits,Books,6,18,168,1.6,53.3,5
2023-09-18,Barbie Dreamhouse,Toys,3,120,29,-4.9,42.0,0
2023-09-18,Protein Bars 12pk,Food,16,25,398,36.4,54.6,0
2023-09-20,Bookshelf,Furniture,1,180,48,26.1,31.4,2
2023-09-23,Puzzle 1000pc,Toys,4,25,92,13.0,51.4,5
2023-09-24,iPad Pro,Electronics,2,899,47,8.1,30.0,6
2023-09-25,Bookshelf,Furniture,1,180,41,35.2,61.9,0
2023-09-25,Hot Wheels 10pk,Toys,4,15,219,18.1,61.1,0
2023-09-26,Nike Air Max,Clothing,7,120,157,26.9,60.3,1
2023-09-28,LEGO Technic Set,Toys,5,89,45,-3.1,55.3,3
2023-09-28,Sony Headphones,Electronics,1,349,49,33.3,70.8,3
2023-09-28,Almond Milk 1L,Food,22,4,432,-2.8,74.7,3
2023-09-29,Clean Code,Books,5,35,119,4.1,61.5,4
2023-09-29,Atomic Habits,Books,6,18,161,7.1,43.1,4
2023-09-30,Barbie Dreamhouse,Toys,5,120,44,1.1,33.3,5
2023-09-30,Python Crash Course,Books,4,30,81,11.9,59.9,5
2023-10-01,Python Crash Course,Books,6,30,97,22.6,36.1,6
2023-10-01,LEGO Technic Set,Toys,3,89,51,-1.4,53.3,6
2023-10-01,Almond Milk 1L,Food,27,4,448,5.7,35.3,6
2023-10-01,LEGO Technic Set,Toys,5,89,65,12.1,50.5,6
2023-10-02,MacBook Air,Electronics,1,1299,41,4.1,81.9,0
2023-10-04,Bed Frame,Furniture,1,450,34,21.0,37.5,2
2023-10-05,Samsung 4K TV,Electronics,1,799,37,34.7,67.6,3
2023-10-06,H&M T-Shirt,Clothing,9,25,296,21.0,69.5,4
2023-10-07,Green Tea 50pk,Food,24,8,605,15.9,51.4,5
2023-10-07,Levi's Jeans,Clothing,10,60,207,27.5,36.3,5
2023-10-07,Sony Headphones,Electronics,2,349,64,29.4,54.0,5
2023-10-08,MacBook Air,Electronics,1,1299,33,23.1,43.8,6
2023-10-08,iPad Pro,Electronics,2,899,36,28.5,35.9,6
2023-10-09,iPhone 15 Pro,Electronics,1,999,98,19.3,67.7,0
2023-10-09,iPad Pro,Electronics,2,899,62,21.9,63.8,0
2023-10-09,IKEA Desk,Furniture,1,250,56,2.9,72.0,0
2023-10-09,Hot Wheels 10pk,Toys,4,15,189,30.7,80.3,0
2023-10-10,Atomic Habits,Books,4,18,141,12.1,41.2,1
2023-10-11,Python Crash Course,Books,5,30,88,28.4,56.7,2
2023-10-12,Bed Frame,Furniture,1,450,0,22.0,75.1,3
2023-10-13,Nerf Blaster,Toys,3,35,96,14.4,71.3,4
2023-10-15,Barbie Dreamhouse,Toys,6,120,33,16.1,68.3,6
2023-10-15,Hot Wheels 10pk,Toys,5,15,220,30.5,79.0,6
2023-10-16,IKEA Desk,Furniture,1,250,20,20.7,76.4,0
2023-10-17,Sony Headphones,Electronics,2,349,63,30.8,46.3,1
2023-10-18,Hot Wheels 10pk,Toys,4,15,215,-1.6,40.8,2
2023-10-19,Python Crash Course,Books,4,30,89,35.5,31.5,3
2023-10-19,iPhone 15 Pro,Electronics,1,999,74,11.6,39.0,3
2023-10-19,Deep Work,Books,4,20,127,30.7,80.3,3
2023-10-19,Protein Bars 12pk,Food,23,25,385,9.0,58.1,3
2023-10-20,Protein Bars 12pk,Food,19,25,401,32.1,32.6,4
2023-10-20,The Lean Startup,Books,6,22,107,34.4,57.0,4
2023-10-20,Nerf Blaster,Toys,3,35,93,31.4,74.5,4
2023-10-20,Levi's Jeans,Clothing,8,60,190,-3.6,63.0,4
2023-10-20,Almond Milk 1L,Food,27,4,439,2.2,46.2,4
2023-10-21,MacBook Air,Electronics,1,1299,15,22.7,83.8,5
2023-10-21,Atomic Habits,Books,7,18,148,5.8,76.2,5
2023-10-21,IKEA Desk,Furniture,1,250,51,18.0,67.8,5
2023-10-22,Bed Frame,Furniture,1,450,27,8.4,35.7,6
2023-10-23,The Lean Startup,Books,5,22,120,3.9,68.8,0
2023-10-23,Clean Code,Books,6,35,96,2.8,79.4,0
2023-10-24,Adidas Hoodie,Clothing,7,80,180,30.1,70.2,1
2023-10-24,Coffee Table,Furniture,1,220,6,6.5,77.2,1
2023-10-25,Protein Bars 12pk,Food,20,25,382,29.5,47.2,2
2023-10-26,Green Tea 50pk,Food,15,8,615,11.7,34.7,3
2023-10-26,Bookshelf,Furniture,1,180,17,17.4,68.6,3
2023-10-27,The Lean Startup,Books,7,22,131,35.6,65.1,4
2023-10-29,Almond Milk 1L,Food,28,4,469,31.6,55.9,6
2023-10-29,Almond Milk 1L,Food,30,4,462,2.6,67.5,6
2023-10-30,Deep Work,Books,7,20,139,32.4,74.2,0
2023-10-30,iPad Pro,Electronics,1,899,60,3.4,42.7,0
2023-10-30,Nike Air Max,Clothing,9,120,143,-3.3,57.3,0
2023-11-03,Clean Code,Books,7,35,109,36.4,68.0,4
2023-11-03,IKEA Desk,Furniture,1,250,57,30.1,50.3,4
2023-11-03,IKEA Desk,Furniture,1,250,51,28.7,49.9,4
2023-11-03,Barbie Dreamhouse,Toys,4,120,65,25.2,77.3,4
2023-11-04,Hot Wheels 10pk,Toys,6,15,203,1.8,69.0,5
2023-11-04,Hot Wheels 10pk,Toys,6,15,206,25.4,74.3,5
2023-11-04,Deep Work,Books,8,20,127,14.1,75.4,5
2023-11-06,Levi's Jeans,Clothing,11,60,202,38.0,76.9,0
2023-11-08,IKEA Desk,Furniture,1,250,43,-0.0,42.9,2
2023-11-09,Sony Headphones,Electronics,3,349,48,2.9,68.1,3
2023-11-10,Almond Milk 1L,Food,23,4,432,20.9,53.4,4
2023-11-11,Adidas Hoodie,Clothing,14,80,191,-2.5,78.3,5
2023-11-12,Protein Bars 12pk,Food,34,25,393,33.7,73.8,6
2023-11-12,LEGO Technic Set,Toys,4,89,80,33.6,78.0,6
2023-11-13,Adidas Hoodie,Clothing,9,80,170,5.6,45.6,0
2023-11-14,Clean Code,Books,4,35,99,25.0,51.6,1
2023-11-14,Office Chair,Furniture,1,350,17,12.1,74.8,1
2023-11-14,MacBook Air,Electronics,1,1299,19,17.0,41.2,1
2023-11-14,The Lean Startup,Books,5,22,115,13.8,82.4,1
2023-11-15,Organic Coffee 1kg,Food,31,18,503,-1.3,55.1,2
2023-11-17,Green Tea 50pk,Food,22,8,589,8.4,44.0,4
2023-11-17,Clean Code,Books,6,35,93,-2.5,54.9,4
2023-11-19,IKEA Desk,Furniture,1,250,56,33.6,78.5,6
2023-11-20,Sony Headphones,Electronics,3,349,51,26.9,82.3,0
2023-11-20,Hot Wheels 10pk,Toys,4,15,191,25.8,72.8,0
2023-11-20,Sony Headphones,Electronics,3,349,41,37.2,71.0,0
2023-11-20,Green Tea 50pk,Food,22,8,580,36.1,58.4,0
2023-11-20,LEGO Technic Set,Toys,4,89,76,15.9,43.8,0
2023-11-23,H&M T-Shirt,Clothing,10,25,316,26.6,64.8,3
2023-11-23,Nerf Blaster,Toys,4,35,100,36.8,82.9,3
2023-11-25,Atomic Habits,Books,8,18,156,-0.5,38.8,5
2023-11-25,Office Chair,Furniture,1,350,39,-1.5,35.3,5
2023-11-27,The Lean Startup,Books,6,22,130,-0.0,49.4,0
2023-11-28,Almond Milk 1L,Food,26,4,442,-3.9,55.0,1
2023-11-29,LEGO Technic Set,Toys,4,89,66,-2.6,49.7,2
2023-11-29,iPhone 15 Pro,Electronics,2,999,60,2.2,45.2,2
2023-11-29,Hot Wheels 10pk,Toys,4,15,218,11.0,72.0,2
2023-12-01,Olive Oil 1L,Food,26,12,342,25.0,60.5,4
2023-12-03,Zara Jacket,Clothing,15,110,117,32.2,83.2,6
2023-12-04,Atomic Habits,Books,7,18,133,0.3,49.4,0
2023-12-04,H&M T-Shirt,Clothing,12,25,296,20.0,61.5,0
2023-12-04,Almond Milk 1L,Food,33,4,438,18.3,41.4,0
2023-12-04,Office Chair,Furniture,1,350,18,12.8,41.5,0
2023-12-05,Bookshelf,Furniture,1,180,41,15.0,33.4,1
2023-12-05,Protein Bars 12pk,Food,27,25,392,25.2,44.9,1
2023-12-05,Clean Code,Books,7,35,92,-1.6,54.7,1
2023-12-06,Olive Oil 1L,Food,24,12,335,27.5,37.7,2
2023-12-06,Bookshelf,Furniture,1,180,38,28.0,63.0,2
2023-12-06,Protein Bars 12pk,Food,38,25,419,7.6,82.3,2
2023-12-07,H&M T-Shirt,Clothing,9,25,292,36.2,30.8,3
2023-12-10,iPhone 15 Pro,Electronics,2,999,79,27.6,50.7,6
2023-12-12,Python Crash Course,Books,7,30,96,32.8,45.3,1
2023-12-12,Barbie Dreamhouse,Toys,5,120,61,34.7,32.3,1
2023-12-12,Bookshelf,Furniture,1,180,46,19.9,61.1,1
2023-12-13,Atomic Habits,Books,7,18,151,20.7,73.4,2
2023-12-13,Bed Frame,Furniture,1,450,0,37.4,79.1,2
2023-12-14,Nike Air Max,Clothing,11,120,163,16.3,57.4,3
2023-12-15,Sony Headphones,Electronics,3,349,74,29.5,82.6,4
2023-12-16,Python Crash Course,Books,8,30,76,15.9,42.5,5
2023-12-17,Nerf Blaster,Toys,7,35,70,16.1,71.3,6
2023-12-17,Green Tea 50pk,Food,39,8,603,8.4,74.0,6
2023-12-18,Nerf Blaster,Toys,6,35,89,24.3,32.7,0
2023-12-18,Protein Bars 12pk,Food,26,25,403,2.9,53.3,0
2023-12-19,Puzzle 1000pc,Toys,5,25,128,19.3,47.7,1
2023-12-19,Nerf Blaster,Toys,4,35,62,12.7,51.1,1
2023-12-19,Bed Frame,Furniture,1,450,23,23.2,72.3,1
2023-12-21,iPad Pro,Electronics,3,899,32,6.9,81.6,3
2023-12-22,Organic Coffee 1kg,Food,37,18,485,2.2,78.7,4
2023-12-23,H&M T-Shirt,Clothing,17,25,313,9.8,73.1,5
2023-12-23,Nerf Blaster,Toys,7,35,67,30.1,52.9,5
2023-12-24,Nerf Blaster,Toys,7,35,94,-2.0,43.4,6
2023-12-24,Almond Milk 1L,Food,35,4,463,5.8,55.7,6
2023-12-25,H&M T-Shirt,Clothing,12,25,305,30.3,77.9,0
2023-12-25,Protein Bars 12pk,Food,33,25,385,2.0,79.2,0
2023-12-26,Clean Code,Books,7,35,81,16.9,67.4,1
2023-12-26,iPhone 15 Pro,Electronics,2,999,100,2.8,37.9,1
2023-12-26,Deep Work,Books,8,20,136,4.2,71.2,1
2023-12-26,Bookshelf,Furniture,1,180,51,11.1,75.6,1
2023-12-27,Hot Wheels 10pk,Toys,5,15,219,14.7,39.5,2
2023-12-28,Bed Frame,Furniture,1,450,0,37.9,45.1,3
2023-12-29,Green Tea 50pk,Food,32,8,583,12.7,77.5,4
2023-12-30,LEGO Technic Set,Toys,6,89,78,6.1,45.4,5
2024-01-02,Python Crash Course,Books,4,30,80,3.9,47.0,1
2024-01-02,Nerf Blaster,Toys,3,35,81,13.8,64.2,1
2024-01-02,Puzzle 1000pc,Toys,2,25,109,16.6,45.9,1
2024-01-04,Samsung 4K TV,Electronics,1,799,26,16.5,61.2,3
2024-01-05,MacBook Air,Electronics,1,1299,42,36.0,59.9,4
2024-01-07,Sony Headphones,Electronics,3,349,43,37.2,50.2,6
2024-01-08,Green Tea 50pk,Food,19,8,601,-2.0,66.5,0
2024-01-09,Nike Air Max,Clothing,6,120,134,10.9,41.5,1
2024-01-09,MacBook Air,Electronics,1,1299,35,11.1,81.8,1
2024-01-09,LEGO Technic Set,Toys,3,89,54,8.6,53.6,1
2024-01-13,IKEA Desk,Furniture,1,250,55,18.8,48.9,5
2024-01-14,Coffee Table,Furniture,1,220,2,18.8,53.6,6
2024-01-15,Bookshelf,Furniture,1,180,34,18.9,44.0,0
2024-01-16,Sony Headphones,Electronics,1,349,79,24.0,55.9,1
2024-01-17,Sony Headphones,Electronics,3,349,51,16.6,79.6,2
2024-01-17,iPhone 15 Pro,Electronics,2,999,79,9.5,73.7,2
2024-01-19,Office Chair,Furniture,1,350,17,29.5,54.5,4
2024-01-20,MacBook Air,Electronics,1,1299,44,24.4,66.4,5
2024-01-20,Nerf Blaster,Toys,3,35,63,22.5,72.4,5
2024-01-21,Nike Air Max,Clothing,6,120,144,27.4,56.0,6
2024-01-22,Almond Milk 1L,Food,18,4,445,35.1,77.8,0
2024-01-23,H&M T-Shirt,Clothing,8,25,291,26.6,46.2,1
2024-01-24,Olive Oil 1L,Food,17,12,361,18.8,33.1,2
2024-01-24,Python Crash Course,Books,3,30,78,10.4,31.6,2
2024-01-25,IKEA Desk,Furniture,1,250,44,-4.7,49.3,3
2024-01-25,Almond Milk 1L,Food,16,4,461,17.9,49.8,3
2024-01-26,Bed Frame,Furniture,1,450,2,17.8,55.0,4
2024-01-26,Protein Bars 12pk,Food,15,25,408,3.0,32.5,4
2024-01-26,Bed Frame,Furniture,1,450,4,7.3,64.7,4
2024-01-27,LEGO Technic Set,Toys,3,89,71,25.7,56.4,5
2024-01-28,iPhone 15 Pro,Electronics,1,999,80,-3.4,41.0,6
2024-01-29,Hot Wheels 10pk,Toys,3,15,200,21.5,43.7,0
2024-01-30,The Lean Startup,Books,3,22,107,31.6,74.0,1
2024-01-30,Python Crash Course,Books,3,30,72,36.9,43.6,1
2024-01-31,Atomic Habits,Books,4,18,139,29.1,65.9,2
2024-02-01,Puzzle 1000pc,Toys,3,25,129,19.2,44.4,3
2024-02-01,Levi's Jeans,Clothing,4,60,200,17.5,57.4,3
2024-02-03,Nerf Blaster,Toys,5,35,96,28.1,82.0,5
2024-02-07,Deep Work,Books,3,20,125,1.8,49.1,2
2024-02-09,Bed Frame,Furniture,1,450,8,-2.6,41.2,4
2024-02-09,Adidas Hoodie,Clothing,6,80,176,2.0,70.5,4
2024-02-10,Nerf Blaster,Toys,3,35,76,34.3,55.2,5
2024-02-10,Office Chair,Furniture,1,350,25,11.1,51.2,5
2024-02-11,The Lean Startup,Books,5,22,119,3.5,62.6,6
2024-02-11,Puzzle 1000pc,Toys,4,25,108,5.3,47.7,6
2024-02-12,Zara Jacket,Clothing,5,110,129,3.2,36.7,0
2024-02-12,Levi's Jeans,Clothing,5,60,198,36.6,75.4,0
2024-02-13,Protein Bars 12pk,Food,16,25,412,4.4,84.9,1
2024-02-13,iPad Pro,Electronics,1,899,32,27.7,58.3,1
2024-02-15,Zara Jacket,Clothing,7,110,136,14.4,61.4,3
2024-02-16,Office Chair,Furniture,1,350,38,-3.3,32.1,4
2024-02-17,Protein Bars 12pk,Food,17,25,398,-3.1,32.8,5
2024-02-18,iPhone 15 Pro,Electronics,2,999,97,4.8,70.0,6
2024-02-19,Green Tea 50pk,Food,20,8,587,8.6,51.4,0
2024-02-20,Bookshelf,Furniture,1,180,28,30.9,46.7,1
2024-02-21,Bed Frame,Furniture,1,450,6,27.2,80.9,2
2024-02-21,Clean Code,Books,3,35,110,35.2,78.3,2
2024-02-23,Atomic Habits,Books,4,18,145,16.5,64.8,4
2024-02-23,Atomic Habits,Books,4,18,158,16.1,69.1,4
2024-02-23,Python Crash Course,Books,4,30,82,36.7,80.9,4
2024-02-24,Hot Wheels 10pk,Toys,2,15,201,23.2,38.5,5
2024-02-24,Coffee Table,Furniture,1,220,9,33.4,84.3,5
2024-02-24,Clean Code,Books,4,35,84,8.8,35.3,5
2024-02-26,iPhone 15 Pro,Electronics,1,999,92,-4.3,69.7,0
2024-02-27,iPhone 15 Pro,Electronics,1,999,86,2.7,80.8,1
2024-02-27,iPad Pro,Electronics,1,899,34,31.2,42.7,1
2024-02-27,The Lean Startup,Books,4,22,132,33.5,55.2,1
2024-02-29,iPad Pro,Electronics,1,899,31,1.4,62.3,3
2024-02-29,LEGO Technic Set,Toys,2,89,77,9.2,36.2,3
2024-03-01,The Lean Startup,Books,3,22,113,18.6,55.9,4
2024-03-02,Bed Frame,Furniture,1,450,26,22.8,40.3,5
2024-03-02,Almond Milk 1L,Food,21,4,470,11.4,60.1,5
2024-03-04,iPad Pro,Electronics,1,899,55,12.8,41.2,0
2024-03-05,Bookshelf,Furniture,1,180,29,27.1,60.0,1
2024-03-05,H&M T-Shirt,Clothing,7,25,308,8.3,72.3,1
2024-03-06,Atomic Habits,Books,5,18,149,35.4,67.3,2
2024-03-06,Barbie Dreamhouse,Toys,3,120,48,16.1,53.8,2
2024-03-06,LEGO Technic Set,Toys,3,89,77,33.1,50.4,2
2024-03-06,Protein Bars 12pk,Food,14,25,407,32.6,68.4,2
2024-03-09,The Lean Startup,Books,5,22,105,12.3,65.2,5
2024-03-11,Adidas Hoodie,Clothing,6,80,193,2.6,82.7,0
2024-03-15,Clean Code,Books,3,35,93,-1.1,35.2,4
2024-03-16,LEGO Technic Set,Toys,3,89,53,19.9,66.0,5
2024-03-16,Almond Milk 1L,Food,23,4,436,33.2,52.8,5
2024-03-16,Barbie Dreamhouse,Toys,3,120,63,30.4,65.8,5
2024-03-16,Sony Headphones,Electronics,2,349,72,-4.5,44.2,5
2024-03-17,Clean Code,Books,6,35,93,2.1,78.9,6
2024-03-18,Nike Air Max,Clothing,7,120,135,24.2,66.3,0
2024-03-18,H&M T-Shirt,Clothing,6,25,283,28.8,38.1,0
2024-03-19,Office Chair,Furniture,1,350,12,34.2,33.0,1
2024-03-19,Barbie Dreamhouse,Toys,2,120,47,26.2,57.3,1
2024-03-20,Clean Code,Books,4,35,86,28.7,61.1,2
2024-03-20,Clean Code,Books,4,35,110,13.5,53.6,2
2024-03-22,Barbie Dreamhouse,Toys,3,120,30,26.4,44.8,4
2024-03-24,Nerf Blaster,Toys,4,35,97,17.3,36.7,6
2024-03-24,MacBook Air,Electronics,1,1299,11,20.7,78.9,6
2024-03-24,Samsung 4K TV,Electronics,2,799,38,12.7,67.2,6
2024-03-25,Office Chair,Furniture,1,350,31,17.5,38.7,0
2024-03-25,Hot Wheels 10pk,Toys,3,15,217,37.7,72.7,0
2024-03-25,Deep Work,Books,4,20,132,3.3,67.9,0
2024-03-27,Samsung 4K TV,Electronics,2,799,46,19.9,70.3,2
2024-03-29,Barbie Dreamhouse,Toys,3,120,62,4.7,64.9,4
2024-03-30,Nike Air Max,Clothing,7,120,132,24.8,79.7,5
2024-03-30,Python Crash Course,Books,5,30,87,-1.7,37.6,5
2024-04-01,LEGO Technic Set,Toys,3,89,66,-2.6,37.3,0
2024-04-01,Adidas Hoodie,Clothing,7,80,199,33.9,63.8,0
2024-04-01,Python Crash Course,Books,5,30,84,20.6,57.8,0
2024-04-03,LEGO Technic Set,Toys,3,89,77,-4.3,46.2,2
2024-04-04,Adidas Hoodie,Clothing,8,80,190,18.0,47.0,3
2024-04-04,Bed Frame,Furniture,1,450,11,-4.8,34.4,3
2024-04-04,Bookshelf,Furniture,1,180,16,18.9,52.4,3
2024-04-05,Puzzle 1000pc,Toys,3,25,110,29.8,65.9,4
2024-04-05,H&M T-Shirt,Clothing,7,25,309,30.2,59.8,4
2024-04-06,Nerf Blaster,Toys,4,35,63,10.0,31.5,5
2024-04-08,Sony Headphones,Electronics,3,349,80,-0.8,66.2,0
2024-04-08,LEGO Technic Set,Toys,4,89,72,0.7,52.7,0
2024-04-09,Organic Coffee 1kg,Food,17,18,518,1.8,47.1,1
2024-04-09,Bed Frame,Furniture,1,450,7,20.4,42.6,1
2024-04-10,H&M T-Shirt,Clothing,10,25,311,13.2,82.7,2
2024-04-10,IKEA Desk,Furniture,1,250,49,9.1,30.1,2
2024-04-10,MacBook Air,Electronics,1,1299,17,5.8,68.0,2
2024-04-11,Deep Work,Books,3,20,118,17.4,58.8,3
2024-04-12,iPad Pro,Electronics,1,899,45,21.1,58.4,4
2024-04-12,Coffee Table,Furniture,1,220,25,-2.5,55.4,4
2024-04-13,Organic Coffee 1kg,Food,29,18,516,34.9,81.5,5
2024-04-13,Adidas Hoodie,Clothing,10,80,163,4.3,49.4,5
2024-04-13,Barbie Dreamhouse,Toys,5,120,65,28.6,69.4,5
2024-04-14,Atomic Habits,Books,5,18,131,14.8,62.3,6
2024-04-15,Coffee Table,Furniture,1,220,5,5.5,68.3,0
2024-04-16,Barbie Dreamhouse,Toys,3,120,52,24.7,49.9,1
2024-04-17,Sony Headphones,Electronics,2,349,58,22.9,38.5,2
2024-04-17,Clean Code,Books,5,35,80,5.9,44.0,2
2024-04-17,Clean Code,Books,4,35,117,18.6,46.0,2
2024-04-18,Olive Oil 1L,Food,21,12,350,6.6,80.9,3
2024-04-19,Atomic Habits,Books,4,18,159,25.9,53.3,4
2024-04-19,The Lean Startup,Books,5,22,103,29.0,48.2,4
2024-04-19,Barbie Dreamhouse,Toys,2,120,57,22.8,35.0,4
2024-04-20,Samsung 4K TV,Electronics,2,799,49,19.0,80.5,5
2024-04-21,Nerf Blaster,Toys,6,35,97,7.4,60.1,6
2024-04-21,Zara Jacket,Clothing,11,110,106,4.7,44.8,6
2024-04-22,Sony Headphones,Electronics,3,349,60,29.5,69.7,0
2024-04-24,LEGO Technic Set,Toys,3,89,63,22.5,49.9,2
2024-04-26,H&M T-Shirt,Clothing,8,25,284,-3.6,45.8,4
2024-04-26,Office Chair,Furniture,1,350,16,23.0,80.4,4
2024-04-27,IKEA Desk,Furniture,1,250,43,33.5,44.6,5
2024-04-27,iPad Pro,Electronics,1,899,60,26.9,69.9,5
2024-04-28,Sony Headphones,Electronics,3,349,50,24.3,37.6,6
2024-04-28,Samsung 4K TV,Electronics,2,799,28,7.3,39.9,6
2024-04-28,Office Chair,Furniture,1,350,20,10.4,62.1,6
2024-04-30,Nike Air Max,Clothing,8,120,155,17.9,37.5,1
2024-05-01,Almond Milk 1L,Food,18,4,470,6.1,43.6,2
2024-05-02,Almond Milk 1L,Food,20,4,464,36.9,59.7,3
2024-05-03,MacBook Air,Electronics,1,1299,31,0.7,42.4,4
2024-05-03,H&M T-Shirt,Clothing,9,25,280,-4.6,53.7,4
2024-05-04,iPad Pro,Electronics,2,899,48,14.6,84.4,5
2024-05-05,Office Chair,Furniture,1,350,25,12.7,52.5,6
2024-05-05,Levi's Jeans,Clothing,11,60,215,3.7,59.6,6
2024-05-05,Coffee Table,Furniture,1,220,26,12.2,57.9,6
2024-05-05,Samsung 4K TV,Electronics,2,799,46,-1.2,51.1,6
2024-05-06,Protein Bars 12pk,Food,21,25,416,19.1,81.4,0
2024-05-08,MacBook Air,Electronics,1,1299,29,9.5,45.2,2
2024-05-08,Sony Headphones,Electronics,2,349,54,6.1,51.0,2
2024-05-09,Atomic Habits,Books,4,18,165,16.0,30.4,3
2024-05-09,Protein Bars 12pk,Food,19,25,399,15.5,54.1,3
2024-05-09,Puzzle 1000pc,Toys,4,25,110,16.0,78.8,3
2024-05-13,Organic Coffee 1kg,Food,22,18,495,10.4,66.9,0
2024-05-13,Bookshelf,Furniture,1,180,20,-0.3,65.5,0
2024-05-13,LEGO Technic Set,Toys,4,89,72,15.7,63.2,0
2024-05-14,Adidas Hoodie,Clothing,8,80,162,-2.3,50.3,1
2024-05-15,Bookshelf,Furniture,1,180,46,27.6,68.0,2
2024-05-15,Nike Air Max,Clothing,7,120,133,34.4,59.8,2
2024-05-15,Nike Air Max,Clothing,8,120,147,-1.4,31.7,2
2024-05-17,The Lean Startup,Books,5,22,104,34.1,34.0,4
2024-05-18,MacBook Air,Electronics,1,1299,29,19.8,67.8,5
2024-05-18,IKEA Desk,Furniture,1,250,22,0.9,40.6,5
2024-05-19,iPad Pro,Electronics,2,899,51,-2.3,53.9,6
2024-05-19,Bookshelf,Furniture,1,180,20,8.3,57.0,6
2024-05-20,MacBook Air,Electronics,1,1299,37,27.5,77.4,0
2024-05-20,Python Crash Course,Books,4,30,104,28.4,70.3,0
2024-05-21,Olive Oil 1L,Food,25,12,368,-0.2,57.5,1
2024-05-22,Samsung 4K TV,Electronics,2,799,48,0.4,83.1,2
2024-05-22,Nike Air Max,Clothing,6,120,148,35.3,82.9,2
2024-05-22,Bookshelf,Furniture,1,180,38,17.0,61.5,2
2024-05-22,Hot Wheels 10pk,Toys,4,15,197,2.1,71.3,2
2024-05-23,Barbie Dreamhouse,Toys,3,120,39,33.9,45.7,3
2024-05-25,Deep Work,Books,5,20,126,3.6,70.4,5
2024-05-27,Deep Work,Books,3,20,131,36.9,33.0,0
2024-05-28,Zara Jacket,Clothing,9,110,124,29.9,64.4,1
2024-05-29,Office Chair,Furniture,1,350,17,13.0,38.9,2
2024-05-29,iPhone 15 Pro,Electronics,1,999,70,23.5,76.6,2
2024-05-30,Python Crash Course,Books,4,30,78,0.1,56.5,3
2024-05-31,Almond Milk 1L,Food,21,4,446,6.7,74.5,4
2024-05-31,Nike Air Max,Clothing,10,120,132,0.3,69.1,4
2024-06-01,IKEA Desk,Furniture,1,250,23,5.8,79.9,5
2024-06-01,Levi's Jeans,Clothing,9,60,200,19.6,38.2,5
2024-06-01,Olive Oil 1L,Food,21,12,331,22.3,36.8,5
2024-06-02,H&M T-Shirt,Clothing,12,25,306,22.0,57.6,6
2024-06-03,Puzzle 1000pc,Toys,3,25,130,-0.4,64.4,0
2024-06-03,Bed Frame,Furniture,1,450,28,3.6,50.6,0
2024-06-03,Python Crash Course,Books,5,30,103,18.2,70.6,0
2024-06-03,Barbie Dreamhouse,Toys,3,120,61,16.9,56.9,0
2024-06-03,H&M T-Shirt,Clothing,9,25,286,31.4,76.2,0
2024-06-04,Protein Bars 12pk,Food,20,25,393,-4.2,47.0,1
2024-06-04,Adidas Hoodie,Clothing,8,80,168,0.2,41.1,1
2024-06-05,The Lean Startup,Books,6,22,135,6.8,75.9,2
2024-06-07,IKEA Desk,Furniture,1,250,30,29.1,82.8,4
2024-06-09,Coffee Table,Furniture,1,220,39,-0.3,57.7,6
2024-06-09,Samsung 4K TV,Electronics,1,799,31,24.1,44.3,6
2024-06-09,iPhone 15 Pro,Electronics,1,999,68,32.2,83.2,6
2024-06-10,Barbie Dreamhouse,Toys,3,120,37,37.5,66.2,0
2024-06-10,iPad Pro,Electronics,1,899,61,14.2,39.9,0
2024-06-11,Coffee Table,Furniture,1,220,27,5.4,37.9,1
2024-06-11,Almond Milk 1L,Food,28,4,462,16.4,47.0,1
2024-06-11,Organic Coffee 1kg,Food,22,18,491,-1.3,66.8,1
2024-06-11,Deep Work,Books,5,20,133,7.0,81.5,1
2024-06-12,Hot Wheels 10pk,Toys,5,15,190,11.1,33.1,2
2024-06-13,Zara Jacket,Clothing,8,110,122,11.2,79.9,3
2024-06-14,Protein Bars 12pk,Food,20,25,408,21.8,57.4,4
2024-06-14,iPad Pro,Electronics,2,899,58,8.1,38.9,4
2024-06-15,Bookshelf,Furniture,1,180,52,20.0,61.6,5
2024-06-16,Almond Milk 1L,Food,26,4,462,-0.0,41.3,6
2024-06-17,Sony Headphones,Electronics,2,349,42,14.4,75.5,0
2024-06-19,Hot Wheels 10pk,Toys,4,15,189,34.1,67.6,2
2024-06-20,Samsung 4K TV,Electronics,1,799,20,31.1,34.1,3
2024-06-20,The Lean Startup,Books,4,22,124,11.5,73.5,3
2024-06-22,Almond Milk 1L,Food,26,4,465,17.7,49.9,5
2024-06-22,Adidas Hoodie,Clothing,9,80,192,36.2,58.6,5
2024-06-22,Bed Frame,Furniture,1,450,0,25.2,44.1,5
2024-06-24,Puzzle 1000pc,Toys,5,25,120,-3.2,41.6,0
2024-06-25,Zara Jacket,Clothing,10,110,134,36.8,77.3,1
2024-06-26,H&M T-Shirt,Clothing,11,25,301,12.8,77.9,2
2024-06-27,Office Chair,Furniture,1,350,35,34.3,75.7,3
2024-06-27,Levi's Jeans,Clothing,8,60,195,-4.2,30.2,3
2024-06-27,IKEA Desk,Furniture,1,250,42,37.9,75.3,3
2024-06-28,Olive Oil 1L,Food,23,12,345,3.1,58.9,4
2024-06-28,MacBook Air,Electronics,1,1299,11,3.0,57.5,4
2024-06-29,Zara Jacket,Clothing,9,110,118,20.7,39.3,5
2024-06-30,iPhone 15 Pro,Electronics,1,999,87,22.0,41.6,6
2024-07-01,iPhone 15 Pro,Electronics,1,999,64,22.6,64.0,0
2024-07-01,iPhone 15 Pro,Electronics,1,999,77,3.0,35.6,0
2024-07-03,Sony Headphones,Electronics,2,349,80,14.6,67.0,2
2024-07-03,Organic Coffee 1kg,Food,26,18,484,11.8,64.9,2
2024-07-04,Levi's Jeans,Clothing,9,60,196,3.8,58.8,3
2024-07-07,Zara Jacket,Clothing,9,110,122,29.3,36.0,6
2024-07-08,Samsung 4K TV,Electronics,1,799,38,21.6,42.9,0
2024-07-09,Samsung 4K TV,Electronics,1,799,53,27.2,33.1,1
2024-07-09,Barbie Dreamhouse,Toys,5,120,53,27.5,71.8,1
2024-07-10,Coffee Table,Furniture,1,220,13,23.3,39.9,2
2024-07-10,Samsung 4K TV,Electronics,2,799,60,29.0,49.8,2
2024-07-12,H&M T-Shirt,Clothing,10,25,298,8.8,34.4,4
2024-07-12,H&M T-Shirt,Clothing,7,25,303,36.3,37.9,4
2024-07-13,Protein Bars 12pk,Food,34,25,396,24.1,77.7,5
2024-07-13,Levi's Jeans,Clothing,10,60,199,37.6,35.6,5
2024-07-13,Deep Work,Books,6,20,122,20.9,72.7,5
2024-07-15,Zara Jacket,Clothing,11,110,139,5.2,55.9,0
2024-07-15,Samsung 4K TV,Electronics,2,799,36,-3.9,51.8,0
2024-07-15,Protein Bars 12pk,Food,28,25,407,3.1,78.5,0
2024-07-15,Olive Oil 1L,Food,26,12,357,6.3,51.9,0
2024-07-15,IKEA Desk,Furniture,1,250,44,21.8,84.6,0
2024-07-16,Nike Air Max,Clothing,9,120,164,6.4,78.0,1
2024-07-16,Office Chair,Furniture,1,350,8,0.3,56.5,1
2024-07-17,Olive Oil 1L,Food,23,12,351,-3.1,39.4,2
2024-07-18,Zara Jacket,Clothing,8,110,130,18.4,84.9,3
2024-07-19,H&M T-Shirt,Clothing,11,25,303,30.7,64.0,4
2024-07-19,MacBook Air,Electronics,1,1299,48,1.7,52.5,4
2024-07-19,Nike Air Max,Clothing,8,120,159,9.2,53.5,4
2024-07-19,Samsung 4K TV,Electronics,2,799,59,-4.4,43.8,4
2024-07-20,Puzzle 1000pc,Toys,5,25,122,13.6,62.2,5
2024-07-20,Office Chair,Furniture,1,350,14,18.9,80.9,5
2024-07-21,Adidas Hoodie,Clothing,10,80,200,20.3,30.4,6
2024-07-21,iPhone 15 Pro,Electronics,1,999,76,11.8,55.9,6
2024-07-24,Protein Bars 12pk,Food,20,25,396,-1.1,51.7,2
2024-07-24,Office Chair,Furniture,1,350,18,0.8,43.4,2
2024-07-25,Protein Bars 12pk,Food,22,25,412,27.5,40.9,3
2024-07-25,MacBook Air,Electronics,1,1299,50,19.7,42.5,3
2024-07-26,Olive Oil 1L,Food,17,12,338,22.7,48.1,4
2024-07-27,Bookshelf,Furniture,1,180,53,35.1,44.2,5
2024-07-28,iPhone 15 Pro,Electronics,2,999,62,-0.2,82.0,6
2024-07-28,Organic Coffee 1kg,Food,30,18,499,34.4,42.2,6
2024-07-28,Python Crash Course,Books,6,30,87,30.2,63.7,6
2024-07-28,Clean Code,Books,6,35,86,20.5,45.5,6
2024-07-30,Python Crash Course,Books,4,30,104,-0.7,45.7,1
2024-07-31,Levi's Jeans,Clothing,9,60,203,15.0,44.1,2
2024-07-31,Python Crash Course,Books,5,30,106,19.9,67.5,2
2024-07-31,Green Tea 50pk,Food,22,8,614,17.5,65.2,2
2024-08-01,Adidas Hoodie,Clothing,7,80,199,37.0,66.8,3
2024-08-02,Atomic Habits,Books,5,18,135,29.1,39.3,4
2024-08-02,Hot Wheels 10pk,Toys,4,15,183,23.4,38.3,4
2024-08-05,Green Tea 50pk,Food,25,8,610,10.7,67.6,0
2024-08-05,Puzzle 1000pc,Toys,4,25,121,4.3,34.2,0
2024-08-06,Clean Code,Books,4,35,120,35.7,60.7,1
2024-08-08,Olive Oil 1L,Food,29,12,354,5.0,72.7,3
2024-08-09,The Lean Startup,Books,6,22,120,-0.3,31.0,4
2024-08-09,Nerf Blaster,Toys,4,35,85,5.1,46.4,4
2024-08-09,LEGO Technic Set,Toys,4,89,42,19.2,83.1,4
2024-08-10,Atomic Habits,Books,6,18,162,26.1,42.6,5
2024-08-10,Atomic Habits,Books,7,18,162,16.2,82.2,5
2024-08-11,H&M T-Shirt,Clothing,10,25,305,37.7,46.2,6
2024-08-11,Olive Oil 1L,Food,26,12,364,13.2,56.8,6
2024-08-11,iPhone 15 Pro,Electronics,2,999,78,6.2,52.4,6
2024-08-11,Zara Jacket,Clothing,8,110,121,24.9,83.1,6
2024-08-12,Levi's Jeans,Clothing,6,60,205,25.9,51.1,0
2024-08-13,IKEA Desk,Furniture,1,250,47,5.4,56.0,1
2024-08-13,Protein Bars 12pk,Food,20,25,407,24.0,68.6,1
2024-08-14,Levi's Jeans,Clothing,7,60,185,25.3,32.5,2
2024-08-14,Deep Work,Books,5,20,141,8.4,72.0,2
2024-08-14,Office Chair,Furniture,1,350,18,0.1,30.4,2
2024-08-14,Protein Bars 12pk,Food,24,25,387,28.3,51.9,2
2024-08-17,iPad Pro,Electronics,2,899,63,2.4,64.3,5
2024-08-17,Bookshelf,Furniture,1,180,48,24.4,41.1,5
2024-08-19,Coffee Table,Furniture,1,220,34,35.5,69.1,0
2024-08-19,Nerf Blaster,Toys,3,35,70,23.5,32.4,0
2024-08-20,The Lean Startup,Books,4,22,134,37.8,74.9,1
2024-08-22,Green Tea 50pk,Food,23,8,601,22.3,57.0,3
2024-08-23,Zara Jacket,Clothing,6,110,104,34.4,34.1,4
2024-08-23,Sony Headphones,Electronics,3,349,67,9.5,47.7,4
2024-08-24,iPhone 15 Pro,Electronics,1,999,71,38.0,67.0,5
2024-08-24,iPad Pro,Electronics,2,899,50,27.3,69.2,5
2024-08-24,Office Chair,Furniture,1,350,16,36.5,52.8,5
2024-08-25,Green Tea 50pk,Food,32,8,619,8.1,64.2,6
2024-08-26,Atomic Habits,Books,5,18,139,29.6,40.9,0
2024-08-26,Deep Work,Books,5,20,130,11.5,83.0,0
2024-08-27,MacBook Air,Electronics,1,1299,25,23.9,47.2,1
2024-08-28,Samsung 4K TV,Electronics,1,799,43,10.1,34.1,2
2024-08-28,iPhone 15 Pro,Electronics,1,999,72,25.2,49.3,2
2024-08-29,Coffee Table,Furniture,1,220,27,23.5,34.6,3
2024-08-31,Bed Frame,Furniture,1,450,14,3.4,35.9,5
2024-09-01,Deep Work,Books,5,20,129,30.4,80.7,6
2024-09-02,MacBook Air,Electronics,1,1299,39,11.5,62.8,0
2024-09-02,LEGO Technic Set,Toys,3,89,59,21.6,72.7,0
2024-09-02,iPhone 15 Pro,Electronics,2,999,79,17.3,84.6,0
2024-09-03,Olive Oil 1L,Food,21,12,352,21.3,62.3,1
2024-09-05,Coffee Table,Furniture,1,220,5,22.4,78.3,3
2024-09-06,Olive Oil 1L,Food,20,12,348,23.4,67.4,4
2024-09-06,Almond Milk 1L,Food,21,4,465,35.1,79.6,4
2024-09-09,Bookshelf,Furniture,1,180,48,30.6,79.3,0
2024-09-09,H&M T-Shirt,Clothing,11,25,290,9.2,34.8,0
2024-09-11,IKEA Desk,Furniture,1,250,41,16.6,82.7,2
2024-09-11,iPad Pro,Electronics,1,899,31,32.5,32.9,2
2024-09-11,iPad Pro,Electronics,2,899,48,24.2,82.2,2
2024-09-11,Python Crash Course,Books,5,30,90,21.4,62.8,2
2024-09-12,Nerf Blaster,Toys,5,35,86,8.8,78.5,3
2024-09-12,Sony Headphones,Electronics,2,349,74,2.6,79.6,3
2024-09-13,LEGO Technic Set,Toys,3,89,48,10.1,65.0,4
2024-09-13,MacBook Air,Electronics,1,1299,11,7.1,81.0,4
2024-09-14,LEGO Technic Set,Toys,4,89,64,35.5,69.2,5
2024-09-14,Deep Work,Books,5,20,135,30.4,69.6,5
2024-09-14,Nerf Blaster,Toys,4,35,88,16.2,41.9,5
2024-09-15,Clean Code,Books,8,35,90,2.4,70.1,6
2024-09-15,Levi's Jeans,Clothing,11,60,206,28.5,75.7,6
2024-09-15,Puzzle 1000pc,Toys,4,25,108,24.8,43.7,6
2024-09-15,Samsung 4K TV,Electronics,2,799,45,26.2,81.2,6
2024-09-16,Atomic Habits,Books,5,18,143,11.3,31.6,0
2024-09-16,Hot Wheels 10pk,Toys,3,15,194,11.4,67.6,0
2024-09-16,IKEA Desk,Furniture,1,250,39,3.3,43.6,0
2024-09-18,Deep Work,Books,4,20,112,19.6,59.5,2
2024-09-18,Samsung 4K TV,Electronics,1,799,50,-0.3,70.1,2
2024-09-19,Barbie Dreamhouse,Toys,4,120,35,25.9,57.8,3
2024-09-19,Organic Coffee 1kg,Food,24,18,501,2.0,84.5,3
2024-09-20,Nerf Blaster,Toys,4,35,84,3.5,62.6,4
2024-09-20,Clean Code,Books,3,35,91,17.4,69.1,4
2024-09-20,iPhone 15 Pro,Electronics,2,999,99,27.9,59.8,4
2024-09-21,Bed Frame,Furniture,1,450,0,16.8,55.4,5
2024-09-22,LEGO Technic Set,Toys,5,89,69,34.5,72.6,6
2024-09-22,Atomic Habits,Books,6,18,137,14.0,41.9,6
2024-09-22,Barbie Dreamhouse,Toys,4,120,45,23.5,57.0,6
2024-09-23,IKEA Desk,Furniture,1,250,22,24.6,77.7,0
2024-09-24,iPad Pro,Electronics,1,899,49,-1.4,81.2,1
2024-09-24,Almond Milk 1L,Food,22,4,433,6.7,64.3,1
2024-09-25,H&M T-Shirt,Clothing,9,25,320,29.3,69.2,2
2024-09-25,Clean Code,Books,5,35,93,8.1,58.0,2
2024-09-27,Adidas Hoodie,Clothing,8,80,194,8.8,33.5,4
2024-09-29,Almond Milk 1L,Food,26,4,470,-2.3,76.0,6
2024-09-30,Organic Coffee 1kg,Food,21,18,506,23.5,36.9,0
2024-09-30,The Lean Startup,Books,5,22,121,12.1,34.4,0
2024-09-30,Atomic Habits,Books,5,18,151,21.3,37.1,0
2024-09-30,Olive Oil 1L,Food,26,12,353,20.1,30.4,0
2024-09-30,Atomic Habits,Books,3,18,151,17.0,39.2,0
2024-09-30,iPad Pro,Electronics,2,899,39,13.9,80.8,0
2024-10-02,Samsung 4K TV,Electronics,2,799,54,-2.4,65.5,2
2024-10-02,Atomic Habits,Books,6,18,168,4.8,43.2,2
2024-10-03,Atomic Habits,Books,5,18,152,13.4,57.3,3
2024-10-04,Green Tea 50pk,Food,22,8,605,11.1,34.2,4
2024-10-04,iPad Pro,Electronics,2,899,29,30.9,44.2,4
2024-10-05,Sony Headphones,Electronics,2,349,59,33.8,65.5,5
2024-10-06,Deep Work,Books,7,20,112,21.6,76.3,6
2024-10-08,Nike Air Max,Clothing,7,120,148,29.9,33.5,1
2024-10-08,iPhone 15 Pro,Electronics,1,999,62,29.9,61.8,1
2024-10-10,Barbie Dreamhouse,Toys,3,120,49,6.8,70.8,3
2024-10-12,Nerf Blaster,Toys,4,35,77,30.6,68.9,5
2024-10-12,Atomic Habits,Books,5,18,164,25.0,76.8,5
2024-10-15,LEGO Technic Set,Toys,5,89,62,15.5,81.7,1
2024-10-16,Sony Headphones,Electronics,3,349,74,-3.9,45.1,2
2024-10-16,iPhone 15 Pro,Electronics,1,999,90,16.4,64.5,2
2024-10-16,IKEA Desk,Furniture,1,250,55,22.9,39.6,2
2024-10-17,IKEA Desk,Furniture,1,250,53,13.9,41.1,3
2024-10-18,Bookshelf,Furniture,1,180,23,17.5,78.9,4
2024-10-18,Deep Work,Books,5,20,134,22.8,53.1,4
2024-10-18,Atomic Habits,Books,7,18,158,1.1,59.2,4
2024-10-19,MacBook Air,Electronics,1,1299,32,14.3,67.4,5
2024-10-19,Deep Work,Books,6,20,144,16.1,39.3,5
2024-10-19,H&M T-Shirt,Clothing,10,25,301,-3.4,74.5,5
2024-10-20,Clean Code,Books,6,35,108,37.4,47.8,6
2024-10-20,Nike Air Max,Clothing,10,120,160,30.7,67.7,6
2024-10-20,Atomic Habits,Books,6,18,149,11.4,58.8,6
2024-10-24,Adidas Hoodie,Clothing,6,80,186,24.1,44.8,3
2024-10-24,Nike Air Max,Clothing,6,120,146,20.8,30.5,3
2024-10-24,Barbie Dreamhouse,Toys,4,120,46,35.4,71.1,3
2024-10-25,Sony Headphones,Electronics,2,349,51,24.1,39.0,4
2024-10-26,Green Tea 50pk,Food,28,8,582,0.0,32.5,5
2024-10-28,Levi's Jeans,Clothing,7,60,185,27.5,45.8,0
2024-10-28,Python Crash Course,Books,6,30,88,24.5,38.9,0
2024-10-29,Coffee Table,Furniture,1,220,2,5.0,70.6,1
2024-10-30,Protein Bars 12pk,Food,27,25,416,-3.4,77.0,2
2024-10-31,Protein Bars 12pk,Food,21,25,405,24.8,33.4,3
2024-10-31,Hot Wheels 10pk,Toys,4,15,205,22.9,31.7,3
2024-10-31,Python Crash Course,Books,6,30,88,1.4,51.6,3
2024-10-31,Olive Oil 1L,Food,21,12,334,10.7,65.9,3
2024-11-01,Clean Code,Books,5,35,93,32.7,60.3,4
2024-11-01,Atomic Habits,Books,6,18,161,9.5,72.0,4
2024-11-01,Atomic Habits,Books,6,18,159,14.6,48.7,4
2024-11-02,iPad Pro,Electronics,2,899,40,25.2,37.3,5
2024-11-02,Puzzle 1000pc,Toys,6,25,97,19.3,38.7,5
2024-11-03,Adidas Hoodie,Clothing,13,80,163,6.5,74.9,6
2024-11-04,Coffee Table,Furniture,1,220,20,19.3,47.4,0
2024-11-05,MacBook Air,Electronics,1,1299,25,7.2,66.5,1
2024-11-05,Coffee Table,Furniture,1,220,3,36.1,37.4,1
2024-11-06,IKEA Desk,Furniture,1,250,54,32.2,54.6,2
2024-11-06,H&M T-Shirt,Clothing,10,25,316,24.8,38.4,2
2024-11-06,Hot Wheels 10pk,Toys,4,15,194,36.6,70.5,2
2024-11-08,Clean Code,Books,6,35,98,20.8,41.0,4
2024-11-08,Sony Headphones,Electronics,2,349,47,23.1,31.1,4
2024-11-09,IKEA Desk,Furniture,1,250,41,17.6,47.3,5
2024-11-10,Atomic Habits,Books,7,18,169,22.6,38.2,6
2024-11-11,Nerf Blaster,Toys,3,35,74,22.9,32.8,0
2024-11-13,Deep Work,Books,6,20,110,23.3,39.7,2
2024-11-13,Levi's Jeans,Clothing,10,60,207,36.9,43.0,2
2024-11-14,Office Chair,Furniture,1,350,33,37.5,62.7,3
2024-11-14,Protein Bars 12pk,Food,14,25,398,25.5,60.2,3
2024-11-15,LEGO Technic Set,Toys,4,89,69,10.2,51.8,4
2024-11-15,Levi's Jeans,Clothing,8,60,182,17.3,73.5,4
2024-11-16,IKEA Desk,Furniture,1,250,56,4.2,37.3,5
2024-11-16,Hot Wheels 10pk,Toys,6,15,204,26.6,43.6,5
2024-11-17,Deep Work,Books,7,20,147,24.9,59.7,6
2024-11-17,The Lean Startup,Books,7,22,127,30.6,70.6,6
2024-11-18,Green Tea 50pk,Food,21,8,600,13.2,49.2,0
2024-11-19,H&M T-Shirt,Clothing,9,25,281,4.7,41.0,1
2024-11-19,The Lean Startup,Books,6,22,134,32.5,43.5,1
2024-11-19,Coffee Table,Furniture,1,220,29,0.3,79.0,1
2024-11-19,iPad Pro,Electronics,2,899,65,37.2,65.8,1
2024-11-19,H&M T-Shirt,Clothing,12,25,318,21.3,68.0,1
2024-11-20,Clean Code,Books,5,35,86,37.3,35.4,2
2024-11-21,Hot Wheels 10pk,Toys,4,15,211,17.9,82.5,3
2024-11-21,Python Crash Course,Books,6,30,97,3.3,63.6,3
2024-11-21,Samsung 4K TV,Electronics,2,799,30,10.5,66.0,3
2024-11-21,Levi's Jeans,Clothing,7,60,191,11.3,35.5,3
2024-11-23,Bookshelf,Furniture,1,180,37,11.3,83.9,5
2024-11-23,Olive Oil 1L,Food,32,12,347,16.0,61.8,5
2024-11-28,H&M T-Shirt,Clothing,8,25,282,35.3,38.7,3
2024-11-29,Adidas Hoodie,Clothing,7,80,195,23.7,49.5,4
2024-12-01,Bed Frame,Furniture,1,450,31,29.6,73.8,6
2024-12-03,Office Chair,Furniture,1,350,24,34.7,78.8,1
2024-12-03,H&M T-Shirt,Clothing,12,25,282,30.5,68.3,1
2024-12-03,Adidas Hoodie,Clothing,11,80,184,30.0,69.6,1
2024-12-04,Adidas Hoodie,Clothing,13,80,200,34.7,73.3,2
2024-12-04,Puzzle 1000pc,Toys,5,25,113,15.4,35.0,2
2024-12-05,Puzzle 1000pc,Toys,5,25,97,15.7,42.9,3
2024-12-05,LEGO Technic Set,Toys,6,89,56,8.6,49.9,3
2024-12-06,Protein Bars 12pk,Food,34,25,407,32.0,63.6,4
2024-12-06,Bed Frame,Furniture,1,450,13,35.2,84.2,4
2024-12-07,Levi's Jeans,Clothing,13,60,203,25.7,51.9,5
2024-12-07,Sony Headphones,Electronics,4,349,48,22.5,81.7,5
2024-12-07,The Lean Startup,Books,9,22,138,19.8,79.9,5
2024-12-08,Office Chair,Furniture,1,350,35,1.5,84.9,6
2024-12-10,MacBook Air,Electronics,1,1299,10,10.1,73.3,1
2024-12-11,IKEA Desk,Furniture,1,250,49,7.4,82.0,2
2024-12-11,Puzzle 1000pc,Toys,5,25,98,22.7,85.0,2
2024-12-11,Nerf Blaster,Toys,6,35,71,34.9,73.3,2
2024-12-11,Atomic Habits,Books,7,18,142,6.7,65.7,2
2024-12-13,Zara Jacket,Clothing,11,110,133,0.9,63.9,4
2024-12-13,H&M T-Shirt,Clothing,9,25,300,24.8,32.6,4
2024-12-15,Atomic Habits,Books,9,18,141,13.5,81.7,6
2024-12-15,iPad Pro,Electronics,2,899,61,27.8,56.5,6
2024-12-16,Office Chair,Furniture,1,350,5,14.8,67.9,0
2024-12-17,Olive Oil 1L,Food,29,12,361,35.5,57.5,1
2024-12-18,Barbie Dreamhouse,Toys,6,120,42,26.6,47.5,2
2024-12-18,Bed Frame,Furniture,1,450,2,20.3,73.0,2
2024-12-18,Barbie Dreamhouse,Toys,4,120,46,6.3,45.8,2
2024-12-19,Nerf Blaster,Toys,5,35,86,6.9,30.6,3
2024-12-21,H&M T-Shirt,Clothing,16,25,313,21.3,84.3,5
2024-12-25,iPad Pro,Electronics,2,899,41,25.2,39.0,2
2024-12-26,Green Tea 50pk,Food,31,8,592,-4.9,80.9,3
2024-12-26,Atomic Habits,Books,7,18,145,22.5,78.8,3
2024-12-26,Samsung 4K TV,Electronics,1,799,22,30.4,44.6,3
2024-12-27,Nike Air Max,Clothing,9,120,137,8.4,30.8,4
2024-12-27,Clean Code,Books,7,35,119,13.0,36.3,4
2024-12-27,Sony Headphones,Electronics,4,349,78,33.9,56.7,4
2024-12-28,Zara Jacket,Clothing,14,110,123,21.0,51.8,5
2024-12-29,Hot Wheels 10pk,Toys,6,15,185,17.2,36.9,6
2024-12-29,Zara Jacket,Clothing,15,110,133,-1.0,80.7,6
2024-12-30,Coffee Table,Furniture,1,220,32,22.0,57.3,0
2024-12-30,Deep Work,Books,6,20,133,22.6,45.2,0
